Name,Opencl,Vulkan,G3D,G2D,Price,TDP,m_0,m_1,m_2,m_3,m_4,m_5,m_6,m_7,m_8,m_9,m_10,m_11,m_12,m_13,m_14,m_15,m_16,m_17,m_18,m_19,m_20,m_21,m_22,m_23,m_24,m_25,m_26,m_27,m_28,m_29,m_30,m_31,m_32,m_33,m_34,m_35,m_36,m_37,m_38,m_39,m_40,m_41,m_42,m_43,m_44,m_45,m_46,m_47,m_48,m_49,m_50,m_51,m_52,m_53,m_54,m_55,m_56,m_57,m_58,m_59,m_60,m_61,m_62,m_63,m_64,m_65,m_66,m_67,m_68,m_69,m_70,m_71,m_72,m_73,m_74,m_75,m_76,m_77,m_78,m_79
NVIDIA GeForce GTX 960,21072,22380,6042,671,172,120,4.57,4.67,6.02,6.81,12.96,14.06,13.22,13.7,12.09,10.11,5.65,5.34,4.82,4.41,4.32,4.25,3.86,3.71,3.56,3.5,3.6,3.28,3.2,3.12,2.74,2.69,2.64,2.43,2.34,2.61,2.81,2.17,1.99,1.73,1.77,1.71,1.62,1.58,1.52,1.47,1.43,1.4,1.3,1.27,1.27,1.22,1.25,1.2,1.27,1.28,1.34,1.21,1.14,1.09,1.07,1.11,1.14,1.08,1.01,0.98,0.96,0.97,0.88,0.85,0.89,0.79,0.72,0.7,0.66,0.65,0.64,0.6,0.59,0.56,0.54,0.54,0.46,0.49,0.46,0.45
NVIDIA GeForce GTX 750 Ti,12954,12372,3919,498,88.11,60,4.67,4.69,5.84,6.22,12.7,14.61,13.5,13.66,13.26,9.89,5.15,4.46,4.48,5.8,3.62,3.84,4.48,3.05,2.95,2.95,2.94,2.67,2.74,2.59,3.15,3.12,2.31,2.3,2.61,2.17,2.07,1.99,1.97,1.6,1.52,1.48,1.51,1.64,1.34,1.29,1.3,1.21,1.02,1.09,1.07,1.07,1.08,1.04,1.07,1.14,1.07,1.06,1.03,0.97,0.92,1.01,1.01,0.95,0.96,0.89,0.92,0.92,0.82,0.81,0.76,0.77,0.72,0.72,0.64,0.46,0.63,0.59,0.58,0.56,0.51,0.5,0.37,0.44,0.42,0.42
NVIDIA GeForce GTX 1060,32388,31476,10070,762,279.99,120,5.0,5.26,6.59,7.71,11.5,13.41,14.86,15.65,14.27,13.89,12.29,12.32,12.74,12.89,13.76,14.29,14.79,14.6,15.39,14.87,15.88,15.58,16.26,16.3,16.01,15.35,14.94,14.52,14.98,15.16,16.38,13.51,12.68,12.67,12.01,11.8,11.73,11.64,11.18,10.79,10.9,10.6,11.36,9.75,9.52,9.46,9.27,8.95,9.88,9.17,10.46,8.64,8.08,7.83,8.19,7.79,7.99,8.18,7.15,7.17,7.02,7.12,6.6,6.94,7.62,5.77,5.65,5.28,5.28,7.85,4.99,4.94,4.58,4.6,4.31,4.69,5.09,4.32,3.87,3.68
NVIDIA GeForce GTX 1050 Ti,22192,21230,6314,651,189.42,75,2.22,2.76,3.89,5.14,8.39,9.9,10.8,12.01,11.66,11.07,8.6,8.35,8.51,9.89,8.74,9.7,11.07,9.35,9.31,9.34,9.83,9.68,9.92,9.91,10.63,10.4,9.8,9.83,10.02,9.42,8.96,9.12,9.06,8.81,8.48,8.22,8.34,8.28,7.78,7.6,7.37,7.22,6.46,7.07,6.87,6.83,6.84,6.71,6.46,6.41,6.14,6.16,5.94,5.92,5.75,5.82,5.79,5.53,5.63,5.62,5.36,5.67,4.99,4.91,4.39,4.6,4.41,4.35,4.09,3.15,4.05,3.83,3.61,3.5,3.26,3.12,2.44,2.99,2.84,2.8
NVIDIA GeForce GTX 950,18233,18345,5392,641,141.99,90,1.73,1.75,2.38,2.57,5.29,6.03,5.67,5.97,5.54,4.33,1.88,1.68,1.68,1.77,1.45,1.59,1.46,1.22,1.37,1.1,1.15,1.07,1.03,1.02,1.0,0.93,0.87,0.89,0.76,0.87,0.98,0.72,0.63,0.56,0.55,0.55,0.53,0.5,0.48,0.46,0.44,0.45,0.39,0.39,0.39,0.38,0.39,0.38,0.41,0.41,0.42,0.39,0.36,0.35,0.36,0.37,0.38,0.35,0.34,0.32,0.31,0.32,0.28,0.28,0.29,0.25,0.24,0.23,0.22,0.2,0.21,0.2,0,0,0,0,0,0,0,0
NVIDIA GeForce GTX 1050,18573,17953,5090,475,203.1,75,1.39,1.82,2.54,3.08,3.94,4.4,4.41,4.62,4.74,4.68,4.59,4.68,4.82,6.37,4.85,5.13,6.4,4.99,5.16,5.19,5.34,5.31,5.43,5.22,6.22,5.94,5.48,5.58,5.59,5.36,5.01,5.46,5.48,5.42,5.42,5.31,5.31,5.24,5.04,4.83,4.77,4.62,4.03,4.47,4.27,4.13,4.12,4.08,3.73,3.74,3.35,3.43,3.39,3.3,3.14,3.21,3.08,2.87,2.99,2.85,2.81,2.83,2.57,2.45,2.18,2.4,2.29,2.27,2.08,1.38,2.04,1.98,1.78,1.75,1.63,1.52,1.15,1.43,1.41,1.38
NVIDIA GeForce GTX 970,29153,34107,9688,781,237.99,145,4.12,3.85,3.61,3.49,2.35,1.94,1.95,1.72,1.84,2.51,3.51,3.56,3.53,3.14,3.51,3.3,3.05,3.34,3.06,3.03,2.95,2.99,2.81,2.77,2.77,2.59,2.69,2.64,2.47,2.43,2.28,2.49,2.28,2.12,2.19,2.09,2.04,1.97,1.88,1.91,1.79,1.75,1.51,1.66,1.59,1.57,1.55,1.54,1.31,1.28,1.13,1.2,1.2,1.2,1.14,1.13,1.07,1.04,1.01,1.06,0.95,1.07,0.9,0.82,0.75,0.8,0.77,0.73,0.68,0.46,0.65,0.62,0.6,0.64,0.59,0.52,0.4,0.54,0.53,0.51
NVIDIA GeForce GTX 750,10644,10015,3399,480,219.99,55,1.42,1.42,1.43,1.52,1.94,2.01,1.83,1.78,1.89,1.48,1.09,1.01,0.98,1.19,0.91,0.89,0.95,0.84,0.82,0.88,0.77,0.71,0.74,0.67,0.67,0.79,0.66,0.77,0.66,0.59,0.52,0.56,0.59,0.46,0.45,0.44,0.43,0.45,0.39,0.39,0.37,0.35,0.29,0.31,0.31,0.31,0.31,0.31,0.3,0.33,0.31,0.31,0.3,0.29,0.28,0.3,0.29,0.27,0.28,0.27,0.26,0.26,0.24,0.23,0.2,0.22,0.22,0.21,0.19,0,0.19,0.17,0,0,0,0,0,0,0,0
NVIDIA GeForce GTX 1070,47750,53125,13482,857,342.55,150,2.86,2.75,2.76,2.76,1.81,1.57,1.71,1.62,1.8,2.58,3.69,3.86,3.84,3.66,4.15,4.19,3.94,4.38,4.16,4.34,4.48,4.66,4.51,4.66,4.64,4.45,4.66,4.6,4.5,4.42,4.35,4.55,4.2,4.23,4.22,4.13,4.05,4.06,3.96,3.98,3.81,3.73,3.48,3.5,3.42,3.37,3.28,3.28,2.84,2.79,2.54,2.63,2.64,2.61,2.5,2.39,2.32,2.35,2.21,2.39,2.13,2.41,2.03,1.97,1.88,1.89,1.82,1.76,1.69,1.39,1.61,1.55,1.51,1.59,1.52,1.41,1.21,1.5,1.4,1.36
NVIDIA GeForce GTX 760,12578,12985,4775,523,149,170,1.44,1.43,1.45,1.46,1.51,1.54,1.47,1.44,1.4,1.32,1.19,1.12,1.09,1.03,1.05,1.0,0.89,0.93,0.86,0.82,0.82,0.78,0.73,0.72,0.66,0.64,0.66,0.64,0.6,0.59,0.57,0.58,0.54,0.47,0.47,0.45,0.42,0.39,0.38,0.38,0.35,0.34,0.29,0.32,0.3,0.31,0.3,0.3,0.27,0.26,0.24,0.25,0.25,0.23,0.23,0.24,0.23,0.21,0.21,0.19,0,0,0,0,0,0,0,0,0,0,0,0,0,0,0,0,0,0,0,0
NVIDIA GeForce GTX 960M,12257,10582,3419,245,1169,65,2.21,2.14,2.14,2.15,1.32,1.06,1.04,0.95,1.01,1.39,2.08,2.03,2.0,1.79,1.96,1.93,1.68,1.88,1.71,1.7,1.72,1.63,1.59,1.52,1.41,1.39,1.45,1.38,1.26,1.27,1.11,1.27,1.33,1.28,1.28,1.19,1.12,1.02,1.02,0.96,0.89,0.88,0.74,0.82,0.79,0.73,0.72,0.7,0.61,0.58,0.51,0.54,0.51,0.5,0.48,0.49,0.45,0.42,0.43,0.39,0.39,0.35,0.34,0.33,0.29,0.33,0.32,0.32,0.28,0.18,0.27,0.26,0.23,0.24,0.23,0.2,0.15,0.2,0.21,0.2
NVIDIA GeForce GTX 660,11381,10693,4004,476,167.95,140,1.13,1.11,1.15,1.15,1.21,1.2,1.14,1.04,1.05,0.95,0.94,0.91,0.85,0.78,0.83,0.78,0.7,0.77,0.72,0.67,0.68,0.62,0.6,0.6,0.55,0.53,0.56,0.53,0.52,0.5,0.46,0.48,0.48,0.4,0.4,0.38,0.37,0.35,0.34,0.32,0.31,0.31,0.27,0.3,0.28,0.27,0.28,0.27,0.25,0.25,0.24,0.25,0.23,0.24,0.23,0.24,0.23,0.21,0.22,0.21,0,0,0,0,0,0,0,0,0,0,0,0,0,0,0,0,0,0,0,0
NVIDIA GeForce GT 730,3690,3447,812,238,109.99,49,1.62,1.76,1.71,1.68,0.99,0.78,0.82,0.73,0.85,0.94,1.27,1.25,1.26,1.41,1.17,1.28,1.27,1.16,1.19,1.19,1.1,1.1,1.18,1.02,0.96,1.2,0.96,0.99,1.03,0.85,0.8,0.82,0.85,0.69,0.67,0.65,0.65,0.66,0.62,0.58,0.59,0.56,0.47,0.5,0.48,0.48,0.49,0.49,0.5,0.56,0.5,0.54,0.54,0.5,0.5,0.56,0.53,0.5,0.54,0.5,0.54,0.51,0.5,0.48,0.42,0.48,0.48,0.49,0.42,0.27,0.43,0.42,0.41,0.4,0.37,0.35,0.24,0.32,0.31,0.3
NVIDIA GeForce GTX 1080,54640,66552,15265,890,442.79,180,1.37,1.39,1.4,1.41,0.95,0.81,0.9,0.88,1.05,1.51,2.23,2.37,2.43,2.3,2.8,2.78,2.74,2.97,2.85,2.84,2.83,2.9,2.89,2.9,2.95,2.66,2.86,2.78,2.67,2.72,2.78,2.8,2.5,2.59,2.54,2.52,2.48,2.45,2.45,2.46,2.33,2.24,2.3,2.09,2.03,2.01,1.98,1.98,1.82,1.67,1.63,1.59,1.56,1.54,1.52,1.41,1.42,1.46,1.34,1.46,1.29,1.46,1.28,1.19,1.18,1.14,1.1,1.06,1.04,0.98,0.98,0.97,0.94,1.0,0.97,0.91,0.84,0.92,0.9,0.88
NVIDIA GeForce GTX 650,4712,4293,1769,346,109.98,64,1.22,1.23,1.19,1.19,0.92,0.79,0.73,0.68,0.8,0.71,0.78,0.77,0.76,0.74,0.77,0.78,0.68,0.72,0.63,0.78,0.66,0.62,0.61,0.57,0.56,0.59,0.59,0.69,0.54,0.51,0.45,0.5,0.51,0.4,0.4,0.39,0.38,0.37,0.36,0.34,0.31,0.31,0.26,0.3,0.28,0.27,0.27,0.26,0.27,0.28,0.26,0.26,0.26,0.26,0.25,0.26,0.26,0.24,0.24,0.24,0.23,0.24,0.22,0.21,0.18,0.2,0.19,0.19,0.17,0,0.17,0.16,0,0,0,0,0,0,0,0
NVIDIA GeForce GTX 950M,10170,9069,2602,219,567,75,1.17,1.15,1.12,1.15,0.71,0.56,0.57,0.51,0.55,0.77,1.14,1.12,1.11,0.99,1.11,1.07,0.94,1.05,0.98,0.98,0.97,0.94,0.91,0.87,0.81,0.8,0.85,0.79,0.74,0.74,0.66,0.72,0.75,0.76,0.77,0.72,0.67,0.61,0.59,0.57,0.53,0.52,0.44,0.5,0.48,0.44,0.45,0.42,0.39,0.37,0.33,0.34,0.32,0.32,0.3,0.3,0.29,0.26,0.27,0.25,0.24,0.24,0.22,0.2,0.18,0.21,0.2,0.2,0,0,0,0,0,0,0,0,0,0,0,0
NVIDIA GeForce GT 630,2654,2548,683,208,147.01,50,1.0,1.08,0.94,0.89,0.5,0.39,0.37,0.33,0.39,0.42,0.57,0.59,0.58,0.55,0.53,0.53,0.54,0.51,0.51,0.54,0.49,0.48,0.48,0.43,0.4,0.45,0.42,0.45,0.38,0.36,0.34,0.36,0.36,0.28,0.28,0.27,0.26,0.25,0.24,0.22,0.21,0.21,0.17,0.18,0.18,0.18,0.18,0.17,0.17,0.18,0.16,0.17,0.17,0.17,0.16,0.17,0,0,0,0,0,0,0,0,0,0,0,0,0,0,0,0,0,0,0,0,0,0,0,0
NVIDIA GeForce GTX 650 Ti,8083,7772,2527,400,93.05,110,0.49,0.49,0.49,0.46,0.47,0.42,0.35,0.33,0.36,0.32,0.33,0.3,0.31,0.3,0.29,0.29,0.26,0.28,0.26,0.27,0.28,0.26,0.24,0.23,0.21,0.23,0.22,0.22,0.2,0.21,0.18,0.21,0.2,0.16,0.16,0.15,0,0,0,0,0,0,0,0,0,0,0,0,0,0,0,0,0,0,0,0,0,0,0,0,0,0,0,0,0,0,0,0,0,0,0,0,0,0,0,0,0,0,0,0
NVIDIA GeForce GTX 1080 Ti,61295,85662,18284,934,604.15,250,0.34,0.43,0.49,0.56,0.39,0.34,0.4,0.4,0.47,0.75,1.17,1.22,1.27,1.23,1.5,1.54,1.53,1.69,1.68,1.64,1.62,1.7,1.67,1.73,1.76,1.59,1.73,1.72,1.62,1.65,1.58,1.73,1.59,1.58,1.63,1.6,1.58,1.57,1.55,1.59,1.48,1.43,1.29,1.34,1.3,1.29,1.28,1.24,1.05,1.01,0.89,1.0,0.98,0.97,0.91,0.87,0.84,0.86,0.82,0.9,0.78,0.92,0.75,0.73,0.69,0.72,0.69,0.69,0.64,0.46,0.62,0.6,0.6,0.66,0.64,0.58,0.48,0.64,0.61,0.61
AMD Radeon RX 480,44522,48947,8674,779,339.99,150,0.81,0.73,0.66,0.61,0.37,0.29,0.3,0.26,0.29,0.42,0.63,0.65,0.64,0.59,0.66,0.62,0.6,0.64,0.61,0.6,0.58,0.61,0.58,0.58,0.59,0.57,0.58,0.58,0.56,0.53,0.54,0.56,0.51,0.52,0.53,0.51,0.49,0.49,0.47,0.49,0.45,0.43,0.38,0.42,0.4,0.39,0.39,0.37,0.31,0.31,0.28,0.29,0.29,0.28,0.27,0.26,0.25,0.24,0.23,0.24,0.22,0.24,0.22,0.19,0.17,0.19,0.18,0.18,0,0,0,0,0,0,0,0,0,0,0,0
AMD Radeon RX 460,20002,20340,4114,570,166.81,75,0.41,0.43,0.46,0.46,0.37,0.34,0.36,0.33,0.33,0.36,0.44,0.42,0.43,0.42,0.43,0.4,0.45,0.38,0.4,0.39,0.35,0.35,0.38,0.36,0.39,0.37,0.38,0.35,0.36,0.33,0.33,0.34,0.32,0.32,0.32,0.31,0.3,0.29,0.28,0.27,0.26,0.26,0.23,0.24,0.24,0.24,0.25,0.23,0.21,0.22,0.2,0.2,0.21,0.2,0.18,0.19,0.19,0.17,0.18,0.17,0,0,0,0,0,0,0,0,0,0,0,0,0,0,0,0,0,0,0,0
NVIDIA GeForce GTX 980,33463,41306,11237,815,247.35,165,0.73,0.68,0.63,0.61,0.37,0.29,0.3,0.26,0.28,0.42,0.63,0.66,0.63,0.57,0.65,0.62,0.57,0.62,0.57,0.57,0.54,0.54,0.52,0.52,0.55,0.49,0.52,0.5,0.48,0.46,0.46,0.49,0.43,0.42,0.42,0.42,0.41,0.4,0.38,0.39,0.37,0.35,0.31,0.33,0.33,0.32,0.31,0.32,0.27,0.26,0.22,0.24,0.25,0.24,0.24,0.22,0.22,0.21,0.2,0.22,0.19,0.21,0.18,0.17,0,0,0,0,0,0,0,0,0,0,0,0,0,0,0,0
NVIDIA GeForce GTX 770,17483,17236,5892,551,249,230,0.72,0.66,0.62,0.58,0.35,0.28,0.28,0.25,0.27,0.37,0.56,0.56,0.55,0.48,0.51,0.5,0.45,0.49,0.45,0.43,0.41,0.42,0.37,0.38,0.37,0.34,0.35,0.34,0.31,0.31,0.29,0.31,0.28,0.25,0.26,0.25,0.23,0.22,0.22,0.2,0.2,0.2,0.16,0.18,0,0,0,0,0,0,0,0,0,0,0,0,0,0,0,0,0,0,0,0,0,0,0,0,0,0,0,0,0,0,0,0,0,0,0,0
NVIDIA GeForce GTX 980 Ti,40025,54616,13864,854,719.4,250,0.71,0.65,0.61,0.56,0.34,0.25,0.26,0.24,0.26,0.39,0.58,0.6,0.6,0.53,0.61,0.57,0.53,0.56,0.52,0.53,0.51,0.51,0.48,0.5,0.51,0.46,0.49,0.47,0.45,0.44,0.43,0.46,0.4,0.4,0.39,0.39,0.39,0.37,0.37,0.38,0.35,0.33,0.29,0.31,0.29,0.29,0.28,0.28,0.24,0.23,0.2,0.22,0.22,0.22,0.2,0.2,0.19,0.19,0.17,0.19,0,0,0,0,0,0,0,0,0,0,0,0,0,0,0,0,0,0,0,0
NVIDIA GeForce GTX 970M,20012,21753,5761,406,209.99,75,0.61,0.58,0.54,0.52,0.3,0.24,0.25,0.22,0.24,0.33,0.5,0.51,0.5,0.45,0.49,0.47,0.42,0.47,0.44,0.41,0.42,0.4,0.38,0.39,0.35,0.34,0.36,0.34,0.31,0.32,0.3,0.31,0.31,0.29,0.3,0.29,0.27,0.26,0.25,0.24,0.23,0.21,0.19,0.2,0,0,0,0,0,0,0,0,0,0,0,0,0,0,0,0,0,0,0,0,0,0,0,0,0,0,0,0,0,0,0,0,0,0,0,0
NVIDIA GeForce GTX 860M,11550,10627,3045,226,114,45,0.61,0.58,0.55,0.5,0.29,0.23,0.24,0.2,0.22,0.29,0.44,0.44,0.43,0.38,0.42,0.4,0.36,0.39,0.36,0.35,0.33,0.33,0.3,0.31,0.28,0.28,0.29,0.26,0.25,0.25,0.22,0.24,0.24,0.23,0.24,0.23,0.21,0.2,0.18,0.18,0,0,0,0,0,0,0,0,0,0,0,0,0,0,0,0,0,0,0,0,0,0,0,0,0,0,0,0,0,0,0,0,0,0,0,0,0,0,0,0
NVIDIA GeForce GT 740,4243,4201,1529,344,236.99,64,0.42,0.46,0.39,0.4,0.26,0.23,0.2,0.18,0.22,0.21,0.28,0.26,0.27,0.29,0.3,0.24,0.24,0.23,0.22,0.23,0.23,0.22,0.21,0.21,0.19,0.24,0.19,0.18,0.19,0.17,0,0.17,0,0,0,0,0,0,0,0,0,0,0,0,0,0,0,0,0,0,0,0,0,0,0,0,0,0,0,0,0,0,0,0,0,0,0,0,0,0,0,0,0,0,0,0,0,0,0,0
NVIDIA GeForce GT 640,3876,3620,1182,285,109.99,65,0.37,0.38,0.32,0.28,0,0,0,0,0,0.17,0.25,0.24,0.23,0.21,0.23,0.23,0.2,0.23,0.22,0.22,0.22,0.22,0.2,0.19,0.18,0.18,0.19,0.18,0.17,0.17,0.16,0.17,0,0,0,0,0,0,0,0,0,0,0,0,0,0,0,0,0,0,0,0,0,0,0,0,0,0,0,0,0,0,0,0,0,0,0,0,0,0,0,0,0,0,0,0,0,0,0,0
NVIDIA GeForce GTX 1070 Ti,52434,59088,14500,877,389,180,0,0,0,0,0,0,0,0.23,0.26,0.31,0.4,0.44,0.52,0.62,0.78,0.85,0.86,1.07,1.14,1.21,1.2,1.29,1.35,1.32,1.28,1.23,1.32,1.28,1.26,1.3,1.27,1.23,1.12,1.25,1.16,1.12,1.1,1.08,1.08,1.09,1.03,1.02,1.14,0.96,0.94,0.93,0.93,0.9,0.87,0.82,0.83,0.78,0.76,0.74,0.74,0.69,0.69,0.72,0.67,0.72,0.64,0.71,0.61,0.59,0.6,0.56,0.57,0.52,0.53,0.65,0.5,0.49,0.47,0.48,0.47,0.49,0.47,0.48,0.44,0.42
NVIDIA GeForce GT 1030,10713,10201,2545,449,109.99,30,0,0,0,0,0,0,0,0,0.16,0.24,0.37,0.38,0.4,0.6,0.44,0.54,0.56,0.49,0.48,0.6,0.54,0.56,0.62,0.59,0.68,0.7,0.67,0.67,0.67,0.63,0.57,0.68,0.68,0.58,0.58,0.58,0.6,0.62,0.61,0.61,0.62,0.62,0.53,0.61,0.61,0.64,0.68,0.7,0.73,0.76,0.73,0.78,0.83,0.82,0.82,0.88,0.86,0.83,0.89,0.87,0.84,0.86,0.83,0.76,0.67,0.76,0.76,0.75,0.7,0.45,0.69,0.66,0.63,0.6,0.56,0.51,0.37,0.5,0.48,0.47
AMD Radeon RX 580,44351,47248,8907,772,349,185,0,0,0,0,0,0,0,0,0,0.19,0.29,0.33,0.35,0.34,0.44,0.47,0.5,0.63,0.67,0.82,0.94,1.1,1.15,1.25,1.32,1.38,1.45,1.53,1.6,1.6,1.58,1.85,1.79,1.95,1.94,2.03,2.06,2.16,2.15,2.22,2.16,2.14,1.9,2.16,2.1,2.13,2.04,2.04,1.75,1.73,1.53,1.65,1.66,1.63,1.54,1.5,1.43,1.41,1.39,1.49,1.33,1.47,1.28,1.19,1.08,1.2,1.16,1.17,1.1,0.75,1.11,1.1,1.04,1.07,1.03,0.95,0.74,1.01,0.97,0.96
NVIDIA GeForce GT 710,2079,1939,637,214,102.99,25,0,0,0,0,0,0,0,0,0,0.17,0.25,0.27,0.28,0.26,0.28,0.28,0.27,0.3,0.32,0.32,0.32,0.33,0.32,0.32,0.3,0.33,0.33,0.33,0.32,0.31,0.3,0.33,0.36,0.3,0.31,0.33,0.33,0.33,0.33,0.35,0.34,0.35,0.29,0.35,0.34,0.35,0.36,0.37,0.4,0.43,0.39,0.42,0.43,0.41,0.4,0.41,0.39,0.36,0.37,0.35,0.37,0.33,0.34,0.31,0.28,0.3,0.3,0.31,0.27,0.17,0.27,0.27,0,0,0,0,0.15,0.2,0.19,0.19
NVIDIA GeForce GTX 980M,23785,26093,7317,514,289.99,100,0,0,0,0,0,0,0,0,0,0.15,0.23,0.23,0.22,0.2,0.22,0.22,0.2,0.21,0.21,0.2,0.19,0.2,0.19,0.18,0,0,0,0,0,0,0,0,0,0,0,0,0,0,0,0,0,0,0,0,0,0,0,0,0,0,0,0,0,0,0,0,0,0,0,0,0,0,0,0,0,0,0,0,0,0,0,0,0,0,0,0,0,0,0,0
AMD Radeon RX 560,19745,19493,3594,506,225.91,80,0,0,0,0,0,0,0,0,0,0,0.19,0.19,0.21,0.22,0.23,0.25,0.3,0.25,0.27,0.28,0.28,0.3,0.33,0.31,0.38,0.39,0.35,0.37,0.41,0.37,0.37,0.39,0.39,0.39,0.41,0.42,0.43,0.44,0.41,0.41,0.4,0.4,0.34,0.38,0.37,0.37,0.38,0.37,0.34,0.34,0.31,0.33,0.35,0.33,0.32,0.32,0.32,0.3,0.3,0.31,0.29,0.32,0.27,0.26,0.23,0.24,0.24,0.23,0.21,0,0.22,0.21,0,0,0,0,0,0,0,0
NVIDIA GeForce GTX 780,21004,21940,8022,601,279.99,250,0,0,0,0,0,0,0,0,0,0,0.21,0.2,0.2,0.17,0.19,0.18,0,0,0,0,0,0,0,0,0,0,0,0,0,0,0,0,0,0,0,0,0,0,0,0,0,0,0,0,0,0,0,0,0,0,0,0,0,0,0,0,0,0,0,0,0,0,0,0,0,0,0,0,0,0,0,0,0,0,0,0,0,0,0,0
NVIDIA GeForce GTX 670,14780,14358,5304,523,193.98,170,0,0,0,0,0,0,0,0,0,0,0.19,0.19,0,0,0,0,0,0,0,0,0,0,0,0,0,0,0,0,0,0,0,0,0,0,0,0,0,0,0,0,0,0,0,0,0,0,0,0,0,0,0,0,0,0,0,0,0,0,0,0,0,0,0,0,0,0,0,0,0,0,0,0,0,0,0,0,0,0,0,0
NVIDIA GeForce GTX 660 Ti,14647,14555,4367,449,144,150,0,0,0,0,0,0,0,0,0,0,0.17,0.18,0,0,0,0,0,0,0,0,0,0,0,0,0,0,0,0,0,0,0,0,0,0,0,0,0,0,0,0,0,0,0,0,0,0,0,0,0,0,0,0,0,0,0,0,0,0,0,0,0,0,0,0,0,0,0,0,0,0,0,0,0,0,0,0,0,0,0,0
NVIDIA GeForce MX150,10459,9867,2310,218,59.29,25,0,0,0,0,0,0,0,0,0,0,0,0.16,0.18,0.2,0.26,0.28,0.31,0.39,0.39,0.43,0.48,0.5,0.52,0.52,0.49,0.54,0.57,0.58,0.56,0.58,0.52,0.59,0.68,0.72,0.73,0.68,0.66,0.63,0.63,0.6,0.57,0.55,0.46,0.54,0.52,0.51,0.49,0.48,0.45,0.45,0.4,0.41,0.4,0.39,0.37,0.39,0.37,0.34,0.36,0.31,0.32,0.28,0.28,0.27,0.23,0.27,0.27,0.27,0.24,0,0.23,0.21,0,0,0,0,0,0,0,0
NVIDIA GeForce GTX 745,6300,6087,2175,469,284.95,55,0,0,0,0,0,0,0,0,0,0,0.16,0.18,0,0,0,0,0,0,0,0,0,0,0,0,0,0,0,0,0,0,0,0,0,0,0,0,0,0,0,0,0,0,0,0,0,0,0,0,0,0,0,0,0,0,0,0,0,0,0,0,0,0,0,0,0,0,0,0,0,0,0,0,0,0,0,0,0,0,0,0
AMD Radeon RX 550,13952,15900,2718,484,157.74,50,0,0,0,0,0,0,0,0,0,0,0,0,0,0,0.17,0.19,0.17,0.18,0.17,0.19,0.19,0.2,0.21,0.22,0.23,0.22,0.24,0.31,0.28,0.24,0.24,0.27,0.28,0.29,0.28,0.3,0.3,0.31,0.33,0.34,0.35,0.37,0.34,0.41,0.43,0.45,0.49,0.5,0.49,0.49,0.45,0.48,0.49,0.48,0.46,0.49,0.48,0.45,0.49,0.5,0.5,0.52,0.49,0.45,0.42,0.46,0.45,0.45,0.43,0.27,0.44,0.42,0.4,0.38,0.36,0.33,0.26,0.34,0.33,0.33
NVIDIA GeForce RTX 2070,85818,73515,16079,833,627.44,175,0,0,0,0,0,0,0,0,0,0,0,0,0,0,0,0,0,0,0.17,0.33,0.5,0.65,0.85,0.95,1.1,1.2,1.39,1.51,1.47,1.66,1.8,1.74,1.68,2.01,1.79,1.81,1.85,1.89,1.97,1.99,1.87,1.94,2.91,1.81,1.81,1.8,1.77,1.75,1.95,1.74,2.14,1.64,1.56,1.55,1.66,1.45,1.46,1.55,1.35,1.39,1.32,1.42,1.3,1.27,1.5,1.14,1.21,1.09,1.15,2.1,1.08,1.06,1.0,1.07,1.04,1.18,1.56,0.98,1.01,0.93
NVIDIA GeForce RTX 2080,105930,87178,18732,917,633.03,250,0,0,0,0,0,0,0,0,0,0,0,0,0,0,0,0,0,0,0.22,0.31,0.4,0.5,0.6,0.64,0.75,0.75,0.86,0.94,0.92,0.99,1.01,1.07,0.96,1.05,1.0,0.99,0.98,0.99,1.0,1.01,0.95,0.93,1.13,0.85,0.86,0.85,0.85,0.84,0.89,0.75,0.79,0.72,0.69,0.71,0.72,0.64,0.64,0.68,0.62,0.67,0.61,0.68,0.58,0.57,0.59,0.53,0.53,0.52,0.51,0.6,0.5,0.49,0.47,0.5,0.49,0.47,0.5,0.46,0.45,0.46
NVIDIA GeForce RTX 2080 Ti,145322,132328,21796,940,998.59,250,0,0,0,0,0,0,0,0,0,0,0,0,0,0,0,0,0,0,0,0.15,0.21,0.26,0.3,0.35,0.42,0.41,0.5,0.53,0.56,0.62,0.6,0.73,0.72,0.76,0.81,0.83,0.89,0.91,0.94,0.97,0.92,0.85,0.79,0.8,0.81,0.79,0.8,0.79,0.67,0.65,0.57,0.62,0.64,0.63,0.58,0.55,0.54,0.56,0.53,0.59,0.52,0.6,0.52,0.47,0.45,0.47,0.44,0.43,0.44,0.31,0.41,0.39,0.41,0.45,0.46,0.4,0.33,0.43,0.42,0.41
NVIDIA GeForce RTX 2060,70754,60775,13953,752,389.99,160,0,0,0,0,0,0,0,0,0,0,0,0,0,0,0,0,0,0,0,0,0,0.27,0.54,0.68,0.85,1.03,1.27,1.54,1.6,2.02,2.36,2.2,2.18,2.71,2.31,2.38,2.53,2.56,2.88,3.0,3.14,3.51,4.85,3.72,4.94,5.04,5.1,5.0,5.99,5.52,6.87,5.57,5.16,5.24,5.64,5.17,5.38,5.62,5.09,5.08,5.03,5.1,5.02,5.19,6.1,4.64,4.65,4.37,4.63,8.05,4.45,4.53,4.15,4.1,3.94,4.69,6.07,3.71,3.7,3.5
NVIDIA GeForce GTX 1660,55712,51028,11695,796,399.99,120,0,0,0,0,0,0,0,0,0,0,0,0,0,0,0,0,0,0,0,0,0,0,0,0,0.24,0.4,0.53,0.65,0.88,1.08,1.42,1.18,1.28,1.46,1.4,1.51,1.64,1.72,1.66,1.72,2.1,1.86,2.42,1.82,1.88,1.9,1.87,1.8,2.1,2.13,2.69,2.13,2.48,1.86,2.05,1.86,1.94,2.06,1.81,1.78,1.84,1.78,1.74,1.95,2.74,1.51,1.54,1.36,1.44,2.55,1.41,1.43,3.3,1.26,1.18,1.45,1.78,1.07,1.08,1.0
NVIDIA GeForce GTX 1650,38315,35907,7807,592,209,75,0,0,0,0,0,0,0,0,0,0,0,0,0,0,0,0,0,0,0,0,0,0,0,0,0,0.24,0.45,0.7,1.04,1.21,1.12,1.63,2.14,2.37,2.5,2.6,2.99,3.16,3.52,3.76,4.04,4.3,4.16,4.95,5.19,5.34,5.56,5.66,5.61,5.62,5.36,5.99,5.94,6.1,5.97,6.36,6.3,6.08,6.48,6.45,6.51,6.35,6.24,6.32,5.61,6.27,6.21,6.27,6.12,4.04,6.19,6.07,5.67,5.3,5.11,4.78,3.63,4.76,4.69,4.67
NVIDIA GeForce RTX 2070 SUPER,97485,82471,18168,896,613.8,215,0,0,0,0,0,0,0,0,0,0,0,0,0,0,0,0,0,0,0,0,0,0,0,0,0,0,0,0.18,0.26,0.44,0.6,0.8,0.93,1.21,1.25,1.4,1.6,1.84,2.05,2.23,2.19,2.29,2.84,2.31,2.48,2.46,2.46,2.45,2.34,2.17,2.16,2.11,2.07,2.09,2.12,1.89,1.88,1.98,1.84,2.0,1.75,1.99,1.78,1.68,1.73,1.58,1.59,1.53,1.55,1.74,1.45,1.44,1.39,1.43,1.41,1.4,1.41,1.35,1.36,1.31
NVIDIA GeForce RTX 2060 SUPER,85216,73672,16514,881,528.89,175,0,0,0,0,0,0,0,0,0,0,0,0,0,0,0,0,0,0,0,0,0,0,0,0,0,0,0,0,0.16,0.26,0.37,0.49,0.58,0.75,0.75,0.81,0.97,1.09,1.25,1.35,1.37,1.45,1.94,1.49,1.5,1.48,1.48,1.44,1.43,1.36,1.41,1.33,1.28,1.25,1.26,1.18,1.18,1.25,1.15,1.19,1.1,1.18,1.11,1.13,1.23,1.12,1.16,1.15,1.2,1.96,1.26,1.29,1.26,1.28,1.26,1.47,1.73,1.24,1.24,1.21
AMD Radeon RX 5700 XT,70091,56806,16892,955,694.94,225,0,0,0,0,0,0,0,0,0,0,0,0,0,0,0,0,0,0,0,0,0,0,0,0,0,0,0,0,0.16,0.22,0.26,0.45,0.47,0.52,0.61,0.67,0.74,0.81,0.88,0.96,0.93,0.95,0.89,1.03,1.02,1.01,0.98,0.97,0.79,0.8,0.69,0.77,0.77,0.76,0.72,0.71,0.69,0.7,0.71,0.77,0.67,0.77,0.66,0.62,0.58,0.64,0.62,0.63,0.62,0.42,0.62,0.63,0.62,0.68,0.67,0.63,0.5,0.68,0.68,0.68
NVIDIA GeForce RTX 2080 SUPER,114956,93540,19519,934,683.99,250,0,0,0,0,0,0,0,0,0,0,0,0,0,0,0,0,0,0,0,0,0,0,0,0,0,0,0,0,0,0.16,0.29,0.32,0.36,0.54,0.49,0.58,0.64,0.71,0.8,0.87,0.86,0.88,1.32,0.82,0.91,0.92,0.9,0.91,0.91,0.85,0.92,0.82,0.79,0.8,0.81,0.71,0.71,0.77,0.7,0.75,0.66,0.7,0.66,0.63,0.7,0.62,0.61,0.55,0.59,0.8,0.55,0.55,0.52,0.56,0.55,0.54,0.64,0.52,0.53,0.51
NVIDIA GeForce GTX 1660 SUPER,60772,55624,12732,823,329.99,125,0,0,0,0,0,0,0,0,0,0,0,0,0,0,0,0,0,0,0,0,0,0,0,0,0,0,0,0,0,0,0,0.18,0.32,0.44,0.59,0.71,0.94,1.18,1.42,1.6,1.77,1.93,2.19,2.27,2.44,2.51,2.56,2.58,2.5,2.55,2.77,2.53,2.82,2.48,2.62,2.43,2.37,2.45,2.37,2.48,2.42,2.47,2.46,2.52,2.34,2.41,2.59,2.5,2.52,2.36,2.69,2.66,2.62,2.56,2.57,2.54,2.19,2.47,2.38,2.3
AMD Radeon RX 5700,50932,51919,14729,926,899.95,180,0,0,0,0,0,0,0,0,0,0,0,0,0,0,0,0,0,0,0,0,0,0,0,0,0,0,0,0,0,0,0,0.16,0.17,0.2,0.21,0.22,0.24,0.24,0.25,0.27,0.25,0.25,0.22,0.25,0.24,0.22,0.23,0.22,0.18,0.18,0.16,0.17,0.18,0.17,0.16,0.16,0,0,0,0,0,0,0,0,0,0,0,0,0,0,0,0,0,0,0,0,0,0,0,0
NVIDIA GeForce GTX 1650 SUPER,53834,49211,10032,761,441.05,100,0,0,0,0,0,0,0,0,0,0,0,0,0,0,0,0,0,0,0,0,0,0,0,0,0,0,0,0,0,0,0,0,0,0,0,0.19,0.26,0.34,0.44,0.53,0.62,0.71,0.74,0.92,0.93,0.98,1.01,1.06,0.98,1.02,0.92,1.02,1.03,1.0,0.99,0.98,0.95,0.94,0.97,1.0,0.94,0.98,0.91,0.94,0.79,0.83,0.81,0.82,0.77,0.53,0.78,0.75,0.71,0.67,0.63,0.59,0.45,0.58,0.57,0.55
AMD Radeon RX 5600 XT,57968,48131,13836,914,545,150,0,0,0,0,0,0,0,0,0,0,0,0,0,0,0,0,0,0,0,0,0,0,0,0,0,0,0,0,0,0,0,0,0,0,0,0,0,0,0,0.19,0.2,0.23,0.24,0.34,0.34,0.35,0.34,0.36,0.3,0.3,0.26,0.28,0.29,0.28,0.26,0.25,0.24,0.25,0.24,0.25,0.23,0.27,0.22,0.21,0.2,0.23,0.22,0.22,0.23,0.16,0.24,0.24,0.24,0.25,0.25,0.24,0.17,0.24,0.23,0.24
AMD Radeon RX 5500 XT,41385,33781,9188,824,449,130,0,0,0,0,0,0,0,0,0,0,0,0,0,0,0,0,0,0,0,0,0,0,0,0,0,0,0,0,0,0,0,0,0,0,0,0,0,0,0,0.15,0.17,0.19,0.21,0.31,0.33,0.35,0.35,0.37,0.32,0.31,0.28,0.3,0.31,0.3,0.29,0.28,0.28,0.26,0.27,0.28,0.26,0.3,0.25,0.23,0.21,0.23,0.23,0.23,0.23,0.16,0.23,0.23,0.22,0.22,0.22,0.2,0.16,0.21,0.21,0.21
NVIDIA GeForce RTX 3080,181771,126138,24853,1003,999,320,0,0,0,0,0,0,0,0,0,0,0,0,0,0,0,0,0,0,0,0,0,0,0,0,0,0,0,0,0,0,0,0,0,0,0,0,0,0,0,0,0,0.23,0.48,0.66,0.77,0.85,0.85,0.9,0.84,0.88,0.84,0.99,1.04,1.11,1.1,1.11,1.14,1.27,1.27,1.51,1.44,1.68,1.7,1.69,1.82,1.84,1.91,1.89,1.97,2.62,1.94,1.95,2.02,2.22,2.25,2.16,2.64,2.21,2.24,2.17
NVIDIA GeForce RTX 3060 Ti,120183,95490,20206,961,599.99,200,0,0,0,0,0,0,0,0,0,0,0,0,0,0,0,0,0,0,0,0,0,0,0,0,0,0,0,0,0,0,0,0,0,0,0,0,0,0,0,0,0,0,0,0.27,0.34,0.38,0.39,0.4,0.37,0.42,0.55,0.69,0.81,0.99,1.29,1.21,1.3,1.54,1.55,1.7,1.72,1.9,2.0,2.1,2.53,2.27,2.58,2.68,2.92,5.06,3.13,3.33,3.42,3.43,3.53,4.04,4.95,3.54,3.51,3.44
NVIDIA GeForce RTX 3090,204921,138859,26395,999,1749.99,350,0,0,0,0,0,0,0,0,0,0,0,0,0,0,0,0,0,0,0,0,0,0,0,0,0,0,0,0,0,0,0,0,0,0,0,0,0,0,0,0,0,0,0,0.23,0.3,0.33,0.37,0.38,0.35,0.38,0.37,0.42,0.44,0.45,0.43,0.43,0.42,0.45,0.46,0.52,0.46,0.53,0.5,0.49,0.48,0.53,0.51,0.55,0.51,0.43,0.51,0.49,0.52,0.6,0.61,0.54,0.49,0.6,0.59,0.61
NVIDIA GeForce RTX 3070,135064,99979,22093,969,719.99,220,0,0,0,0,0,0,0,0,0,0,0,0,0,0,0,0,0,0,0,0,0,0,0,0,0,0,0,0,0,0,0,0,0,0,0,0,0,0,0,0,0,0,0,0,1.12,1.29,1.38,1.48,1.52,1.58,1.59,1.69,1.7,1.8,1.94,1.81,1.86,2.11,1.94,2.13,2.02,2.29,2.32,2.33,2.76,2.44,2.72,2.67,2.91,5.43,2.95,3.06,2.99,3.26,3.2,3.62,5.18,3.23,3.34,3.13
NVIDIA GeForce RTX 3060,96416,74845,16958,951,329,170,0,0,0,0,0,0,0,0,0,0,0,0,0,0,0,0,0,0,0,0,0,0,0,0,0,0,0,0,0,0,0,0,0,0,0,0,0,0,0,0,0,0,0,0,0,0,0.17,0.27,0.54,0.67,1.09,1.07,1.13,1.3,1.87,1.66,1.92,2.48,2.18,2.36,2.62,2.58,3.24,3.52,5.47,3.41,3.88,3.67,4.36,10.67,4.66,4.9,4.74,4.88,4.87,6.27,9.92,5.04,5.29,4.98
NVIDIA GeForce RTX 3060 Laptop GPU,92420,71210,12674,551,479.99,115,0,0,0,0,0,0,0,0,0,0,0,0,0,0,0,0,0,0,0,0,0,0,0,0,0,0,0,0,0,0,0,0,0,0,0,0,0,0,0,0,0,0,0,0,0,0,0,0.21,0.53,0.68,0.97,1.34,1.41,1.82,1.74,2.06,2.35,2.22,2.66,2.68,2.99,3.34,3.39,4.0,3.39,4.63,4.03,4.47,4.78,3.1,4.51,4.54,4.28,3.76,4.29,3.83,2.74,3.94,3.48,3.86
NVIDIA GeForce RTX 3080 Ti,209081,131975,26887,1031,1199.99,350,0,0,0,0,0,0,0,0,0,0,0,0,0,0,0,0,0,0,0,0,0,0,0,0,0,0,0,0,0,0,0,0,0,0,0,0,0,0,0,0,0,0,0,0,0,0,0,0,0,0,0.16,0.26,0.31,0.39,0.39,0.43,0.46,0.51,0.56,0.67,0.63,0.77,0.74,0.74,0.72,0.79,0.76,0.77,0.78,0.62,0.74,0.73,0.76,0.85,0.87,0.79,0.68,0.85,0.83,0.83
NVIDIA GeForce RTX 3050 Laptop GPU,55123,47251,9037,416,379.99,80,0,0,0,0,0,0,0,0,0,0,0,0,0,0,0,0,0,0,0,0,0,0,0,0,0,0,0,0,0,0,0,0,0,0,0,0,0,0,0,0,0,0,0,0,0,0,0,0,0,0,0.16,0.28,0.31,0.38,0.38,0.44,0.48,0.46,0.54,0.52,0.58,0.57,0.63,0.79,0.67,0.93,0.82,0.88,0.97,0.64,0.93,0.96,0.85,0.74,0.8,0.76,0.54,0.75,0.67,0.74
NVIDIA GeForce RTX 3070 Ti,147200,104828,23367,1003,749.99,290,0,0,0,0,0,0,0,0,0,0,0,0,0,0,0,0,0,0,0,0,0,0,0,0,0,0,0,0,0,0,0,0,0,0,0,0,0,0,0,0,0,0,0,0,0,0,0,0,0,0,0.23,0.28,0.31,0.36,0.42,0.42,0.51,0.64,0.75,0.89,0.91,1.06,1.08,1.1,1.28,1.16,1.24,1.25,1.35,2.03,1.37,1.4,1.42,1.46,1.5,1.53,1.91,1.5,1.5,1.47
AMD Radeon RX 6700 XT,102988,70085,18993,1014,529.99,230,0,0,0,0,0,0,0,0,0,0,0,0,0,0,0,0,0,0,0,0,0,0,0,0,0,0,0,0,0,0,0,0,0,0,0,0,0,0,0,0,0,0,0,0,0,0,0,0,0,0,0,0.16,0.18,0.2,0.19,0.21,0.22,0.23,0.25,0.28,0.27,0.33,0.31,0.32,0.32,0.38,0.41,0.47,0.47,0.35,0.53,0.53,0.57,0.63,0.68,0.64,0.53,0.74,0.75,0.76
AMD Radeon RX 6600 XT,72559,64460,15853,1003,399.99,160,0,0,0,0,0,0,0,0,0,0,0,0,0,0,0,0,0,0,0,0,0,0,0,0,0,0,0,0,0,0,0,0,0,0,0,0,0,0,0,0,0,0,0,0,0,0,0,0,0,0,0,0,0,0,0,0,0,0,0.3,0.33,0.33,0.37,0.36,0.37,0.33,0.37,0.36,0.37,0.38,0.33,0.4,0.4,0.39,0.41,0.42,0.38,0.32,0.41,0.39,0.39
AMD Radeon RX 6900 XT,135942,114610,25458,1102,1120.31,300,0,0,0,0,0,0,0,0,0,0,0,0,0,0,0,0,0,0,0,0,0,0,0,0,0,0,0,0,0,0,0,0,0,0,0,0,0,0,0,0,0,0,0,0,0,0,0,0,0,0,0,0,0,0,0,0,0,0,0.15,0.18,0.16,0.2,0.18,0.18,0.18,0.2,0.21,0.23,0.21,0,0.2,0.2,0.21,0.25,0.25,0.23,0.18,0.26,0.24,0.24
AMD Radeon RX 6800 XT,157812,100571,23364,1078,859,300,0,0,0,0,0,0,0,0,0,0,0,0,0,0,0,0,0,0,0,0,0,0,0,0,0,0,0,0,0,0,0,0,0,0,0,0,0,0,0,0,0,0,0,0,0,0,0,0,0,0,0,0,0,0,0,0,0,0,0,0,0,0.19,0.16,0.16,0.16,0.19,0.2,0.21,0.22,0.15,0.24,0.23,0.27,0.31,0.33,0.31,0.23,0.34,0.34,0.34
AMD Radeon RX 6800,100322,93163,20667,1030,758.99,250,0,0,0,0,0,0,0,0,0,0,0,0,0,0,0,0,0,0,0,0,0,0,0,0,0,0,0,0,0,0,0,0,0,0,0,0,0,0,0,0,0,0,0,0,0,0,0,0,0,0,0,0,0,0,0,0,0,0,0,0,0,0,0,0,0,0,0,0,0,0,0,0,0,0,0,0,0,0.17,0.17,0.17
